doc_id,Trạng thái hồ sơ,Tax code,Issuing Authority,Form,Importing_Country,Reference No.,Issuance date,Certified date,ExportDeclaration,Goods consigned from,Goods consigned to,transport_type,Departure Date,vessel_aircraft_name,port_of_loading,port_of_discharge,transport_doc,goods_info,total_value,total_quantity,total_weight,is_show_fob_value,origindoc,invoice_attached,declaration_place,remarks_info
13512200,"C/O đã được cấp phép
(ĐÃ NỘP PHÍ)",1102022318,Phòng Quản lý XNK khu vực Tp. Hồ Chí Minh,Form VK,South Korea,VN-KR 24/02/039434,19/12/2024,20/12/2024,"[{'item_num': 1, 'invoice_number': '306988805340', 'invoice_date': '14/12/2024', 'invoice_link': 'https://ecosys.gov.vn/Resources17/1102022318/2024/12/19/20241219083827_tkx.pdf'}]","['ACE BONGSAN VINA COMPANY LIMITED', 'O2-9&O2-10(02 FACTORY), ROAD 1B, KIZUNA 3 EXT,AREA K1, TAN KIM IP EXT', 'Can Giuoc Town, Can Giuoc District, Long An Province, Vietnam']","['CHAI HONG CO.,LTD', '174, JAEJAEGI-RO, HWADO-EUP, NAMYANGJU-SI, GYEONGGI-DO, (ZIP12200)', 'KOREA TEL: 010 7376 2248']",By Sea,18/12/2024,POS SINGAPORE 1012N,HO CHI MINH,INCHEON (KRINC) - Korea (Republic),https://ecosys.gov.vn/Resources17/1102022318/2024/12/19/20241219083847_bl.pdf,"[['Item number', 'Id', 'Marks and numbers on packages', 'Numbers and type of package decription of goods (including quantity where appropriate and HS number of the importing country)', 'Origin criterion (see Overleaf Notes)', 'Gross weight or other quantity and value (FOB) where RVC is applied', 'Number and date of invoices'], ['1', '32096257', 'NO MARK', '840 CARTON SLIPPERS PR FM 640419', 'CTC', '6,636.00 KILOGRAM 88,200.00 PAIR 60,858.00 USD', 'BO-CH14122024 14/12/2024']]","60,858.00 USD","88,200.00 PAIR","6,636.00 KILOGRAM",False,"['https://ecosys.gov.vn/Resources17/1102022318/2024/12/19/20241219083928_bk.pdf', 'https://ecosys.gov.vn/Resources17/1102022318/2024/12/19/20241219083933_tkn.pdf']","['https://ecosys.gov.vn/Resources17/1102022318/2024/12/19/20241219083920_ci.pdf', 'https://ecosys.gov.vn/Resources17/1102022318/2024/12/19/20241219083925_pl.pdf']",Long An,"[{'label': 'Issued Retroactively', 'checked': False}, {'label': 'Non-Party Invoicing', 'checked': False}]"
13422998,"C/O đã được cấp phép
(ĐÃ NỘP PHÍ)",1102022318,Phòng Quản lý XNK khu vực Tp. Hồ Chí Minh,Form VK,South Korea,VN-KR 24/02/037825,03/12/2024,05/12/2024,"[{'item_num': 1, 'invoice_number': '306948649140', 'invoice_date': '29/11/2024', 'invoice_link': 'https://ecosys.gov.vn/Resources17/1102022318/2024/12/03/20241203142034_tkx.pdf'}]","['ACE BONGSAN VINA COMPANY LIMITED', 'O2-10(02 FACTORY), ROAD 1B, KIZUNA 3 EXT, AREA K1, TAN KIM IP EXT', 'Can Giuoc Town, Can Giuoc District, Long An Province, Vietnam']","['CHAI HONG CO.,LTD', '174, JAEJAEGI-RO, HWADO-EUP, NAMYANGJU-SI, GYEONGGI-DO, (ZIP12200)', 'KOREA TEL: 010 7376 2248']",By Sea,01/12/2024,SAWASDEE DENEB // 2422N,HO CHI MINH,INCHEON (KRINC) - Korea (Republic),https://ecosys.gov.vn/Resources17/1102022318/2024/12/03/20241203142047_bl.pdf,"[['Item number', 'Id', 'Marks and numbers on packages', 'Numbers and type of package decription of goods (including quantity where appropriate and HS number of the importing country)', 'Origin criterion (see Overleaf Notes)', 'Gross weight or other quantity and value (FOB) where RVC is applied', 'Number and date of invoices'], ['1', '31780042', 'NO MARK', '725 CARTON SLIPPERS PR FM 640419', 'CTC', '5,727.50 KILOGRAM 76,125.00 PAIR 52,526.25 USD', 'BO-CH29112024 29/11/2024'], ['2', '31780043', 'NO MARK', '94 CARTON SLIPPERS FC 640419', 'CTC', '1,059.38 KILOGRAM 7,896.00 PAIR 9,475.20 USD', 'BO-CH29112024 29/11/2024']]","62,001.45 USD","84,021.00 PAIR","6,786.88 KILOGRAM",False,"['https://ecosys.gov.vn/Resources17/1102022318/2024/12/03/20241203142115_bk.pdf', 'https://ecosys.gov.vn/Resources17/1102022318/2024/12/03/20241203142122_tkn.pdf']","['https://ecosys.gov.vn/Resources17/1102022318/2024/12/03/20241203142100_ci.pdf', 'https://ecosys.gov.vn/Resources17/1102022318/2024/12/03/20241203142103_pl.pdf']",Long An,"[{'label': 'Issued Retroactively', 'checked': True}, {'label': 'Non-Party Invoicing', 'checked': False}]"
13340671,"C/O đã được cấp phép
(ĐÃ NỘP PHÍ)",1102022318,Phòng Quản lý XNK khu vực Tp. Hồ Chí Minh,Form VK,South Korea,VN-KR 24/02/036254,19/11/2024,20/11/2024,"[{'item_num': 1, 'invoice_number': '306902461260', 'invoice_date': '13/11/2024', 'invoice_link': 'https://ecosys.gov.vn/Resources17/1102022318/2024/11/19/20241119094504_tkx.pdf'}]","['ACE BONGSAN VINA COMPANY LIMITED', 'O2-10(02 FACTORY), ROAD 1B, KIZUNA 3 EXT, AREA K1, TAN KIM IP EXT', 'Can Giuoc Town, Can Giuoc District, Long An Province, Vietnam']","['CHAI HONG CO.,LTD', '174, JAEJAEGI-RO, HWADO-EUP, NAMYANGJU-SI, GYEONGGI-DO, (ZIP12200)', 'KOREA TEL: 010 7376 2248']",By Sea,15/11/2024,SKY RAINBOW 2415N,HO CHI MINH,INCHEON (KRINC) - Korea (Republic),https://ecosys.gov.vn/Resources17/1102022318/2024/11/19/20241119094515_bl.pdf,"[['Item number', 'Id', 'Marks and numbers on packages', 'Numbers and type of package decription of goods (including quantity where appropriate and HS number of the importing country)', 'Origin criterion (see Overleaf Notes)', 'Gross weight or other quantity and value (FOB) where RVC is applied', 'Number and date of invoices'], ['1', '31491670', 'NO MARK', '554 CARTON SLIPPERS PR FM 640419', 'CTC', '4,376.60 KILOGRAM 58,170.00 PAIR 40,137.30 USD', 'BO-CH13112024 13/11/2024'], ['2', '31491671', 'NO MARK', '286 CARTON SLIPPERS PR 24 fM 640419', 'CTC', '2,259.40 KILOGRAM 30,030.00 PAIR 20,720.70 USD', 'BO-CH13112024 13/11/2024']]","60,858.00 USD","88,200.00 PAIR","6,636.00 KILOGRAM",False,"['https://ecosys.gov.vn/Resources17/1102022318/2024/11/19/20241119094542_bk.pdf', 'https://ecosys.gov.vn/Resources17/1102022318/2024/11/19/20241119094546_tkn.pdf']","['https://ecosys.gov.vn/Resources17/1102022318/2024/11/19/20241119094437_ci.pdf', 'https://ecosys.gov.vn/Resources17/1102022318/2024/11/19/20241119094456_pl.pdf']",Long An,"[{'label': 'Issued Retroactively', 'checked': True}, {'label': 'Non-Party Invoicing', 'checked': False}]"
13233405,"C/O đã được cấp phép
(ĐÃ NỘP PHÍ)",1102022318,Phòng Quản lý XNK khu vực Tp. Hồ Chí Minh,Form VK,South Korea,VN-KR 24/02/034161,30/10/2024,31/10/2024,"[{'item_num': 1, 'invoice_number': '306853838560', 'invoice_date': '26/10/2024', 'invoice_link': 'https://ecosys.gov.vn/Resources17/1102022318/2024/10/30/20241030150947_tkx.pdf'}]","['ACE BONGSAN VINA COMPANY LIMITED', 'O2-10(02 FACTORY), ROAD 1B, KIZUNA 3 EXT, AREA K1, TAN KIM IP EXT', 'Can Giuoc Town, Can Giuoc District, Long An Province, Vietnam']","['CHAI HONG CO.,LTD', '174, JAEJAEGI-RO, HWADO-EUP, NAMYANGJU-SI, GYEONGGI-DO, (ZIP12200)', 'KOREA TEL: 010 7376 2248']",By Sea,30/10/2024,POS SINGAPORE 1010N,HO CHI MINH,INCHEON (KRINC) - Korea (Republic),https://ecosys.gov.vn/Resources17/1102022318/2024/10/30/20241030151001_bl.pdf,"[['Item number', 'Id', 'Marks and numbers on packages', 'Numbers and type of package decription of goods (including quantity where appropriate and HS number of the importing country)', 'Origin criterion (see Overleaf Notes)', 'Gross weight or other quantity and value (FOB) where RVC is applied', 'Number and date of invoices'], ['1', '31111422', 'NO MARK', '136 CARTON SLIPPERS 640419', 'CTC', '1,074.40 KILOGRAM 14,280.00 PAIR 9,853.20 USD', 'BO-CH26102024 26/10/2024'], ['2', '31111423', 'NO MARK', '704 CARTON SLIPPERS24 640419', 'CTC', '5,561.60 KILOGRAM 73,920.00 PAIR 51,004.80 USD', 'BO-CH26102024 26/10/2024']]","60,858.00 USD","88,200.00 PAIR","6,636.00 KILOGRAM",False,"['https://ecosys.gov.vn/Resources17/1102022318/2024/10/30/20241030151034_bk.pdf', 'https://ecosys.gov.vn/Resources17/1102022318/2024/10/30/20241030151042_tkn.pdf']","['https://ecosys.gov.vn/Resources17/1102022318/2024/10/30/20241030151021_ci.pdf', 'https://ecosys.gov.vn/Resources17/1102022318/2024/10/30/20241030151029_pl.pdf']",Long An,"[{'label': 'Issued Retroactively', 'checked': False}, {'label': 'Non-Party Invoicing', 'checked': False}]"
13126247,"C/O đã được cấp phép
(ĐÃ NỘP PHÍ)",1102022318,Phòng Quản lý XNK khu vực Tp. Hồ Chí Minh,Form VK,South Korea,VN-KR 24/02/031523,10/10/2024,11/10/2024,"[{'item_num': 1, 'invoice_number': '306799828700', 'invoice_date': '07/10/2024', 'invoice_link': 'https://ecosys.gov.vn/Resources17/1102022318/2024/10/10/20241010110338_tkx.pdf'}]","['ACE BONGSAN VINA COMPANY LIMITED', 'O2-10(02 FACTORY), ROAD 1B, KIZUNA 3 EXT, AREA K1, TAN KIM IP EXT', 'Can Giuoc Town, Can Giuoc District, Long An Province, Vietnam']","['CHAI HONG CO.,LTD', '174, JAEJAEGI-RO, HWADO-EUP, NAMYANGJU-SI, GYEONGGI-DO, (ZIP12200)', 'KOREA TEL: 010 7376 2248']",By Sea,09/10/2024,WAN HAI 283 N074,HO CHI MINH,INCHEON (KRINC) - Korea (Republic),https://ecosys.gov.vn/Resources17/1102022318/2024/10/10/20241010110341_bl.pdf,"[['Item number', 'Id', 'Marks and numbers on packages', 'Numbers and type of package decription of goods (including quantity where appropriate and HS number of the importing country)', 'Origin criterion (see Overleaf Notes)', 'Gross weight or other quantity and value (FOB) where RVC is applied', 'Number and date of invoices'], ['1', '30729641', 'NO MARK', '628 CARTON SLIPPERS 640419', 'CTC', '4,961.20 KILOGRAM 65,940.00 PAIR 45,498.60 USD', 'BO-CH07102024 07/10/2024'], ['2', '30729642', 'NO MARK', '212 CARTON SLIPPERS24 640419', 'CTC', '1,674.80 KILOGRAM 22,260.00 PAIR 15,359.40 USD', 'BO-CH07102024 07/10/2024']]","60,858.00 USD","88,200.00 PAIR","6,636.00 KILOGRAM",False,"['https://ecosys.gov.vn/Resources17/1102022318/2024/10/10/20241010110411_bk.pdf', 'https://ecosys.gov.vn/Resources17/1102022318/2024/10/10/20241010110852_tkn.pdf']","['https://ecosys.gov.vn/Resources17/1102022318/2024/10/10/20241010110357_ci.pdf', 'https://ecosys.gov.vn/Resources17/1102022318/2024/10/10/20241010110403_pl.pdf']",Long An,"[{'label': 'Issued Retroactively', 'checked': False}, {'label': 'Non-Party Invoicing', 'checked': False}]"
13046720,"C/O đã được cấp phép
(ĐÃ NỘP PHÍ)",1102022318,Phòng Quản lý XNK khu vực Tp. Hồ Chí Minh,Form VK,South Korea,VN-KR 24/02/029799,26/09/2024,30/09/2024,"[{'item_num': 1, 'invoice_number': '306762592530', 'invoice_date': '23/09/2024', 'invoice_link': 'https://ecosys.gov.vn/Resources17/1102022318/2024/09/26/20240926094457_tkx.pdf'}]","['ACE BONGSAN VINA COMPANY LIMITED', 'O2-10(02 FACTORY), ROAD 1B, KIZUNA 3 EXT, AREA K1, TAN KIM IP EXT', 'Can Giuoc Town, Can Giuoc District, Long An Province, Vietnam']","['CHAI HONG CO.,LTD', '174, JAEJAEGI-RO, HWADO-EUP, NAMYANGJU-SI, GYEONGGI-DO, (ZIP12200)', 'KOREA TEL: 010 7376 2248']",By Sea,26/09/2024,WAN HAI 293 N064,"HO CHI MINH, VIETNAM",INCHEON (KRINC) - Korea (Republic),https://ecosys.gov.vn/Resources17/1102022318/2024/09/26/20240926094507_unihcm2409048.pdf,"[['Item number', 'Id', 'Marks and numbers on packages', 'Numbers and type of package decription of goods (including quantity where appropriate and HS number of the importing country)', 'Origin criterion (see Overleaf Notes)', 'Gross weight or other quantity and value (FOB) where RVC is applied', 'Number and date of invoices'], ['1', '30449847', 'NO MARK', '656 CARTON SLIPPERS P/R 640419', 'CTC', '5,182.40 KILOGRAM 68,880.00 PAIR 47,527.20 USD', 'BO-CH23092024 23/09/2024'], ['2', '30449848', 'NO MARK', '148 CARTON SLIPPERS F/C 640419', 'CTC', '1,662.62 KILOGRAM 12,384.00 SET 14,860.80 USD', 'BO-CH23092024 23/09/2024']]","62,388.00 USD",Unknown,"6,845.02 KILOGRAM",False,"['https://ecosys.gov.vn/Resources17/1102022318/2024/09/26/20240926094544_bk.pdf', 'https://ecosys.gov.vn/Resources17/1102022318/2024/09/26/20240926094745_tkn.pdf']","['https://ecosys.gov.vn/Resources17/1102022318/2024/09/26/20240926094536_ci.pdf', 'https://ecosys.gov.vn/Resources17/1102022318/2024/09/26/20240926094539_pl.pdf']",Long An,"[{'label': 'Issued Retroactively', 'checked': True}, {'label': 'Non-Party Invoicing', 'checked': False}]"
12998396,"C/O đã được cấp phép
(ĐÃ NỘP PHÍ)",1102022318,Phòng Quản lý XNK khu vực Tp. Hồ Chí Minh,Form VK,South Korea,VN-KR 24/02/028645,17/09/2024,18/09/2024,"[{'item_num': 1, 'invoice_number': '306731704110', 'invoice_date': '12/09/2024', 'invoice_link': 'https://ecosys.gov.vn/Resources17/1102022318/2024/09/17/20240917151958_tkx.pdf'}]","['ACE BONGSAN VINA COMPANY LIMITED', 'O2-10(02 FACTORY), ROAD 1B, KIZUNA 3 EXT, AREA K1, TAN KIM IP EXT', 'Can Giuoc Town, Can Giuoc District, Long An Province, Vietnam']","['CHAI HONG CO.,LTD', '174, JAEJAEGI-RO, HWADO-EUP, NAMYANGJU-SI, GYEONGGI-DO, (ZIP12200)', 'KOREA TEL: 010 7376 2248']",By Sea,17/09/2024,SAWASDEE DENEB 2419N,HO CHI MINH,INCHEON (KRINC) - Korea (Republic),https://ecosys.gov.vn/Resources17/1102022318/2024/09/17/20240917152019_bl.pdf,"[['Item number', 'Id', 'Marks and numbers on packages', 'Numbers and type of package decription of goods (including quantity where appropriate and HS number of the importing country)', 'Origin criterion (see Overleaf Notes)', 'Gross weight or other quantity and value (FOB) where RVC is applied', 'Number and date of invoices'], ['1', '30281421', 'NO MARK', '50 CARTON SLIPPERS F/C 640419', 'CTC', '563.50 KILOGRAM 4,200.00 SET 5,040.00 USD', 'BO-CH12092024PL 12/09/2024']]","5,040.00 USD","4,200.00 SET",563.50 KILOGRAM,False,"['https://ecosys.gov.vn/Resources17/1102022318/2024/09/17/20240917152559_bang-ke.pdf', 'https://ecosys.gov.vn/Resources17/1102022318/2024/09/17/20240917152609_tkn.pdf']","['https://ecosys.gov.vn/Resources17/1102022318/2024/09/17/20240917152624_ci.pdf', 'https://ecosys.gov.vn/Resources17/1102022318/2024/09/17/20240917152627_pl.pdf']",Long An,"[{'label': 'Issued Retroactively', 'checked': False}, {'label': 'Non-Party Invoicing', 'checked': False}]"
12933548,"C/O đã được cấp phép
(ĐÃ NỘP PHÍ)",1102022318,Phòng Quản lý XNK khu vực Tp. Hồ Chí Minh,Form VK,South Korea,VN-KR 24/02/027284,05/09/2024,06/09/2024,"[{'item_num': 1, 'invoice_number': '306696272650', 'invoice_date': '28/08/2024', 'invoice_link': 'https://ecosys.gov.vn/Resources17/1102022318/2024/09/05/20240905115851_tkx.pdf'}]","['ACE BONGSAN VINA COMPANY LIMITED', 'O2-10(02 FACTORY), ROAD 1B, KIZUNA 3 EXT, AREA K1, TAN KIM IP EXT', 'Can Giuoc Town, Can Giuoc District, Long An Province, Vietnam']","['CHAI HONG CO.,LTD', '174, JAEJAEGI-RO, HWADO-EUP, NAMYANGJU-SI, GYEONGGI-DO, (ZIP12200)', 'KOREA TEL: 010 7376 2248']",By Sea,31/08/2024,WAN HAI 293 N063,HO CHI MINH,INCHEON (KRINC) - Korea (Republic),https://ecosys.gov.vn/Resources17/1102022318/2024/09/05/20240905115942_bl.pdf,"[['Item number', 'Id', 'Marks and numbers on packages', 'Numbers and type of package decription of goods (including quantity where appropriate and HS number of the importing country)', 'Origin criterion (see Overleaf Notes)', 'Gross weight or other quantity and value (FOB) where RVC is applied', 'Number and date of invoices'], ['1', '30060673', 'NO MARK', '840 CARTON SLIPPERS P/R 640419', 'CTC', '6,636.00 KILOGRAM 88,200.00 PAIR 60,858.00 USD', 'BO-CH27082024 27/08/2024']]","60,858.00 USD","88,200.00 PAIR","6,636.00 KILOGRAM",False,"['https://ecosys.gov.vn/Resources17/1102022318/2024/09/05/20240905120009_bk.pdf', 'https://ecosys.gov.vn/Resources17/1102022318/2024/09/05/20240905120016_tkn.pdf']","['https://ecosys.gov.vn/Resources17/1102022318/2024/09/05/20240905120022_ci.pdf', 'https://ecosys.gov.vn/Resources17/1102022318/2024/09/05/20240905120026_pl.pdf']",Long An,"[{'label': 'Issued Retroactively', 'checked': True}, {'label': 'Non-Party Invoicing', 'checked': False}]"
12825145,"C/O đã được cấp phép
(ĐÃ NỘP PHÍ)",1102022318,Phòng Quản lý XNK khu vực Tp. Hồ Chí Minh,Form VK,South Korea,VN-KR 24/02/024878,15/08/2024,19/08/2024,"[{'item_num': 1, 'invoice_number': '306647641440', 'invoice_date': '09/08/2024', 'invoice_link': 'https://ecosys.gov.vn/Resources17/1102022318/2024/08/15/20240815150623_tkx.pdf'}]","['ACE BONGSAN VINA COMPANY LIMITED', 'O2-10(02 FACTORY), ROAD 1B, KIZUNA 3 EXT, AREA K1, TAN KIM IP EXT', 'Can Giuoc Town, Can Giuoc District, Long An Province, Vietnam']","['CHAI HONG CO.,LTD', '174, JAEJAEGI-RO, HWADO-EUP, NAMYANGJU-SI, GYEONGGI-DO, (ZIP12200)', 'KOREA TEL: 010 7376 2248']",By Sea,12/08/2024,DONGJIN CONFIDENT 0120N,HO CHI MINH,INCHEON (KRINC) - Korea (Republic),https://ecosys.gov.vn/Resources17/1102022318/2024/08/15/20240815150628_bl.pdf,"[['Item number', 'Id', 'Marks and numbers on packages', 'Numbers and type of package decription of goods (including quantity where appropriate and HS number of the importing country)', 'Origin criterion (see Overleaf Notes)', 'Gross weight or other quantity and value (FOB) where RVC is applied', 'Number and date of invoices'], ['1', '29691282', 'NO MARK', '840 CARTON SLIPPERS P/R 640419', 'CTC', '6,636.00 KILOGRAM 88,200.00 PAIR 60,858.00 USD', 'BO-CH09082024 09/08/2024']]","60,858.00 USD","88,200.00 PAIR","6,636.00 KILOGRAM",False,"['https://ecosys.gov.vn/Resources17/1102022318/2024/08/15/20240815150940_bk.pdf', 'https://ecosys.gov.vn/Resources17/1102022318/2024/08/15/20240815150950_tkn.pdf']","['https://ecosys.gov.vn/Resources17/1102022318/2024/08/15/20240815150926_ci.pdf', 'https://ecosys.gov.vn/Resources17/1102022318/2024/08/15/20240815150934_pl.pdf']",Long An,"[{'label': 'Issued Retroactively', 'checked': True}, {'label': 'Non-Party Invoicing', 'checked': False}]"
12742512,"C/O đã được cấp phép
(ĐÃ NỘP PHÍ)",1102022318,Phòng Quản lý XNK khu vực Tp. Hồ Chí Minh,Form VK,South Korea,VN-KR 24/02/023171,31/07/2024,02/08/2024,"[{'item_num': 1, 'invoice_number': '306611443260', 'invoice_date': '26/07/2024', 'invoice_link': 'https://ecosys.gov.vn/Resources17/1102022318/2024/07/31/20240731103303_tkx-306574413260.pdf'}]","['ACE BONGSAN VINA COMPANY LIMITED', 'O2-10(02 FACTORY), ROAD 1B, KIZUNA 3 EXT, AREA K1, TAN KIM IP EXT', 'Can Giuoc Town, Can Giuoc District, Long An Province, Vietnam']","['CHAI HONG CO.,LTD', '174, JAEJAEGI-RO, HWADO-EUP, NAMYANGJU-SI, GYEONGGI-DO, (ZIP12200)', 'KOREA TEL: 010 7376 2248']",By Sea,29/07/2024,STARSHIP TAURUS 2408N,HO CHI MINH,INCHEON (KRINC) - Korea (Republic),https://ecosys.gov.vn/Resources17/1102022318/2024/07/31/20240731103308_bl-306574413260.pdf,"[['Item number', 'Id', 'Marks and numbers on packages', 'Numbers and type of package decription of goods (including quantity where appropriate and HS number of the importing country)', 'Origin criterion (see Overleaf Notes)', 'Gross weight or other quantity and value (FOB) where RVC is applied', 'Number and date of invoices'], ['1', '29408443', 'NO MARK', '70 CARTON Slippers p/r 24 640419', 'CTC', '553.00 KILOGRAM 7,350.00 PAIR 5,071.50 USD', 'BO-CH26072024 26/07/2024'], ['2', '29408444', 'NO MARK', '770 CARTON SLIPpers p/r 640419', 'CTC', '6,083.00 KILOGRAM 80,850.00 PAIR 55,786.50 USD', 'BO-CH26072024 26/07/2024']]","60,858.00 USD","88,200.00 PAIR","6,636.00 KILOGRAM",False,"['https://ecosys.gov.vn/Resources17/1102022318/2024/07/31/20240731105957_bk-306574413260.pdf', 'https://ecosys.gov.vn/Resources17/1102022318/2024/07/31/20240731110006_tkn-306574413260.pdf']","['https://ecosys.gov.vn/Resources17/1102022318/2024/07/31/20240731105941_ci-306574413260.pdf', 'https://ecosys.gov.vn/Resources17/1102022318/2024/07/31/20240731105945_pl-306574413260.pdf']",Long An,"[{'label': 'Issued Retroactively', 'checked': True}, {'label': 'Non-Party Invoicing', 'checked': False}]"
12665172,"C/O đã được cấp phép
(ĐÃ NỘP PHÍ)",1102022318,Phòng Quản lý XNK khu vực Tp. Hồ Chí Minh,Form VK,South Korea,VN-KR 24/02/021535,16/07/2024,17/07/2024,"[{'item_num': 1, 'invoice_number': '306574413260', 'invoice_date': '12/07/2024', 'invoice_link': 'https://ecosys.gov.vn/Resources17/1102022318/2024/07/16/20240716141606_tkx-306574413260.pdf'}]","['ACE BONGSAN VINA COMPANY LIMITED', 'O2-10(02 FACTORY), ROAD 1B, KIZUNA 3 EXT, AREA K1, TAN KIM IP EXT', 'Can Giuoc Town, Can Giuoc District, Long An Province, Vietnam']","['CHAI HONG CO.,LTD', '174, JAEJAEGI-RO, HWADO-EUP, NAMYANGJU-SI, GYEONGGI-DO, (ZIP12200)', 'KOREA TEL: 010 7376 2248']",By Sea,14/07/2024,KMTC SHANGHAI 2409N,HO CHI MINH,INCHEON (KRINC) - Korea (Republic),https://ecosys.gov.vn/Resources17/1102022318/2024/07/16/20240716141617_bl-306574413260.pdf,"[['Item number', 'Id', 'Marks and numbers on packages', 'Numbers and type of package decription of goods (including quantity where appropriate and HS number of the importing country)', 'Origin criterion (see Overleaf Notes)', 'Gross weight or other quantity and value (FOB) where RVC is applied', 'Number and date of invoices'], ['1', '29139421', 'NO MARK', '840 CARTON SLIPPERS P/R 24 640419', 'CTC', '6,636.00 KILOGRAM 88,200.00 PAIR 60,858.00 USD', 'BO-CH12072024 12/07/2024']]","60,858.00 USD","88,200.00 PAIR","6,636.00 KILOGRAM",False,"['https://ecosys.gov.vn/Resources17/1102022318/2024/07/16/20240716141823_tkn-306574413260.pdf', '/Public17/2024/07/16/14/20240716141757_bk-306574413260.pdf']","['https://ecosys.gov.vn/Resources17/1102022318/2024/07/16/20240716141814_pl-306574413260.pdf', 'https://ecosys.gov.vn/Resources17/1102022318/2024/07/16/20240716141811_ci-306574413260.pdf']",Long An,"[{'label': 'Issued Retroactively', 'checked': True}, {'label': 'Non-Party Invoicing', 'checked': False}]"
12539245,"C/O đã được cấp phép
(ĐÃ NỘP PHÍ)",1102022318,Phòng Quản lý XNK khu vực Tp. Hồ Chí Minh,Form VK,South Korea,VN-KR 24/02/019090,21/06/2024,24/06/2024,"[{'item_num': 1, 'invoice_number': '306508678730', 'invoice_date': '18/06/2024', 'invoice_link': 'https://ecosys.gov.vn/Resources16/1102022318/2024/06/21/20240621153340_tkx-306508678730.pdf'}]","['ACE BONGSAN VINA COMPANY LIMITED', 'O2-10(02 FACTORY), ROAD 1B, KIZUNA 3 EXT, AREA K1, TAN KIM IP EXT', 'Can Giuoc Town, Can Giuoc District, Long An Province, Vietnam']","['CHAI HONG CO.,LTD', '174, JAEJAEGI-RO, HWADO-EUP, NAMYANGJU-SI, GYEONGGI-DO, (ZIP12200)', 'KOREA TEL: 010 7376 2248']",By Sea,21/06/2024,SKY CHALLENGE 2401N,HO CHI MINH,INCHEON (KRINC) - Korea (Republic),https://ecosys.gov.vn/Resources16/1102022318/2024/06/21/20240621153306_bl-306508678730.pdf,"[['Item number', 'Id', 'Marks and numbers on packages', 'Numbers and type of package decription of goods (including quantity where appropriate and HS number of the importing country)', 'Origin criterion (see Overleaf Notes)', 'Gross weight or other quantity and value (FOB) where RVC is applied', 'Number and date of invoices'], ['1', '28704813', 'NO MARK', '840 CARTON SLIPPERS P/R 24 640419', 'CTC', '6,636.00 KILOGRAM 88,200.00 PAIR 60,858.00 USD', 'BO-CH18062024 18/06/2024']]","60,858.00 USD","88,200.00 PAIR","6,636.00 KILOGRAM",False,"['https://ecosys.gov.vn/Resources16/1102022318/2024/06/21/20240621153756_bk-306508678730.pdf', 'https://ecosys.gov.vn/Resources16/1102022318/2024/06/21/20240621153805_tkn.pdf', 'https://ecosys.gov.vn/Resources16/1102022318/2024/06/21/20240621153843_qtsx.pdf']","['https://ecosys.gov.vn/Resources16/1102022318/2024/06/21/20240621153318_ci-306508678730.pdf', 'https://ecosys.gov.vn/Resources16/1102022318/2024/06/21/20240621153834_pl-306508678730.pdf']",Long An,"[{'label': 'Issued Retroactively', 'checked': True}, {'label': 'Non-Party Invoicing', 'checked': False}]"
12448581,"C/O đã được cấp phép
(ĐÃ NỘP PHÍ)",1102022318,Phòng Quản lý XNK khu vực Tp. Hồ Chí Minh,Form VK,South Korea,VN-KR 24/02/017301,06/06/2024,08/06/2024,"[{'item_num': 1, 'invoice_number': '306458820750', 'invoice_date': '29/05/2024', 'invoice_link': 'https://ecosys.gov.vn/Resources15/1102022318/2024/06/06/20240606093755_tkx-306458820750.pdf'}]","['ACE BONGSAN VINA COMPANY LIMITED', 'O2-10(02 FACTORY), ROAD 1B, KIZUNA 3 EXT, AREA K1, TAN KIM IP EXT', 'Can Giuoc Town, Can Giuoc District, Long An Province, Vietnam']","['CHAI HONG CO.,LTD', '174, Jaejaegi-ro, Hwado-eup, Namyangju-si, Gyeonggi-do, (Zip12200)', 'KOREA Tel: 010 7376 2248']",By Sea,05/06/2024,PEGASUS PROTO 2407N,HO CHI MINH,INCHEON (KRINC) - Korea (Republic),https://ecosys.gov.vn/Resources15/1102022318/2024/06/06/20240606094207_bl-306458820750.pdf,"[['Item number', 'Id', 'Marks and numbers on packages', 'Numbers and type of package decription of goods (including quantity where appropriate and HS number of the importing country)', 'Origin criterion (see Overleaf Notes)', 'Gross weight or other quantity and value (FOB) where RVC is applied', 'Number and date of invoices'], ['1', '28405735', 'NO MARK', '806 CARTON Slippers P/R 24 640419', 'CTC', '6,367.40 KILOGRAM 84,630.00 PAIR 58,394.70 USD', 'BO-CH29052024 29/05/2024'], ['2', '28405736', 'NO MARK', '27 CARTON Slippers F/C 640419', 'CTC', '304.29 KILOGRAM 2,268.00 SET 2,721.60 USD', 'BO-CH29052024 29/05/2024']]","61,116.30 USD",Unknown,"6,671.69 KILOGRAM",False,"['https://ecosys.gov.vn/Resources15/1102022318/2024/06/06/20240606094325_bk-306458820750.pdf', 'https://ecosys.gov.vn/Resources15/1102022318/2024/06/06/20240606094332_hd---tkn.pdf', 'https://ecosys.gov.vn/Resources15/1102022318/2024/06/06/20240606094337_qtsx.pdf']","['https://ecosys.gov.vn/Resources15/1102022318/2024/06/06/20240606094343_ci-306458820750.pdf', 'https://ecosys.gov.vn/Resources15/1102022318/2024/06/06/20240606094420_pl-306458820750.pdf']",Long An,"[{'label': 'Issued Retroactively', 'checked': True}, {'label': 'Non-Party Invoicing', 'checked': False}]"
12359264,"C/O đã được cấp phép
(ĐÃ NỘP PHÍ)",1102022318,Phòng Quản lý XNK khu vực Tp. Hồ Chí Minh,Form VK,South Korea,VN-KR 24/02/015736,23/05/2024,24/05/2024,"[{'item_num': 1, 'invoice_number': '306430275930', 'invoice_date': '17/05/2024', 'invoice_link': 'https://ecosys.gov.vn/Resources12/1102022318/2024/05/23/20240523090658_tkx-306430275930.pdf'}]","['ACE BONGSAN VINA COMPANY LIMITED', 'O2-10(02 FACTORY), ROAD 1B, KIZUNA 3 EXT, AREA K1, TAN KIM IP EXT', 'Can Giuoc Town, Can Giuoc District, Long An Province, Vietnam']","['CHAI HONG CO.,LTD', '174, Jaejaegi-ro, Hwado-eup, Namyangju-si, Gyeonggi-do, (Zip12200)', 'KOREA Tel: 010 7376 2248']",By Sea,22/05/2024,STARSHIP DRACO 2406N,CATLAI OPENPORT(HCM),INCHEON (KRINC) - Korea (Republic),https://ecosys.gov.vn/Resources12/1102022318/2024/05/23/20240523090748_bl-306430275930.pdf,"[['Item number', 'Id', 'Marks and numbers on packages', 'Numbers and type of package decription of goods (including quantity where appropriate and HS number of the importing country)', 'Origin criterion (see Overleaf Notes)', 'Gross weight or other quantity and value (FOB) where RVC is applied', 'Number and date of invoices'], ['1', '28115174', 'NO MARK', '702 CARTON Slippers P/R 24 640419', 'CTC', '5,545.80 KILOGRAM 73,710.00 PAIR 50,859.90 USD', 'BO-CH17052024 17/05/2024'], ['2', '28115175', 'NO MARK', '116 CARTON Slippers F/C 640419', 'CTC', '1,307.32 KILOGRAM 9,744.00 SET 11,692.80 USD', 'BO-CH17052024 17/05/2024']]","62,552.70 USD",Unknown,"6,853.12 KILOGRAM",False,"['https://ecosys.gov.vn/Resources12/1102022318/2024/05/23/20240523090710_bk-306430275930.pdf', 'https://ecosys.gov.vn/Resources12/1102022318/2024/05/23/20240523090725_hd-tkn.pdf', 'https://ecosys.gov.vn/Resources12/1102022318/2024/05/23/20240523090742_qtsx.pdf']","['https://ecosys.gov.vn/Resources12/1102022318/2024/05/23/20240523090730_ci-306430275930.pdf', 'https://ecosys.gov.vn/Resources12/1102022318/2024/05/23/20240523090735_pl-306430275930.pdf']",Long An,"[{'label': 'Issued Retroactively', 'checked': False}, {'label': 'Non-Party Invoicing', 'checked': False}]"
12258114,"C/O đã được cấp phép
(ĐÃ NỘP PHÍ)",1102022318,Phòng Quản lý XNK khu vực Tp. Hồ Chí Minh,Form VK,South Korea,VN-KR 24/02/013577,02/05/2024,03/05/2024,"[{'item_num': 1, 'invoice_number': '306383832920', 'invoice_date': '26/04/2024', 'invoice_link': 'https://ecosys.gov.vn/Resources12/1102022318/2024/05/02/20240502153519_tkx-306383832920.pdf'}]","['ACE BONGSAN VINA COMPANY LIMITED', 'O2-10(02 FACTORY), ROAD 1B, KIZUNA 3 EXT, AREA K1, TAN KIM IP EXT', 'Can Giuoc Town, Can Giuoc District, Long An Province, Vietnam']","['CHAI HONG CO.,LTD', '174, JAEJAEGI-RO, HWADO-EUP, NAMYANGJU-SI, GYEONGGI-DO, (ZIP12200)', 'KOREA TEL: 010 7376 2248']",By Sea,28/04/2024,KMTC KEELUNG 2406N,HO CHI MINH,INCHEON (KRINC) - Korea (Republic),https://ecosys.gov.vn/Resources12/1102022318/2024/05/02/20240502153547_unihcm2404043.pdf,"[['Item number', 'Id', 'Marks and numbers on packages', 'Numbers and type of package decription of goods (including quantity where appropriate and HS number of the importing country)', 'Origin criterion (see Overleaf Notes)', 'Gross weight or other quantity and value (FOB) where RVC is applied', 'Number and date of invoices'], ['1', '27772272', 'No Mark', '840 CARTON Slippers P/R 24 640419', 'CTC', '6,636.00 KILOGRAM 88,200.00 PAIR 60,858.00 USD', 'BO-CH26042024 26/04/2024']]","60,858.00 USD","88,200.00 PAIR","6,636.00 KILOGRAM",False,"['https://ecosys.gov.vn/Resources12/1102022318/2024/05/02/20240502153554_bang-ke-306383832920.pdf', 'https://ecosys.gov.vn/Resources12/1102022318/2024/05/02/20240502153811_tkn-23.pdf']","['https://ecosys.gov.vn/Resources12/1102022318/2024/05/02/20240502153601_inv-306383832920.pdf', 'https://ecosys.gov.vn/Resources12/1102022318/2024/05/02/20240502154050_pl-306383832920.pdf']",Long An,"[{'label': 'Issued Retroactively', 'checked': True}, {'label': 'Non-Party Invoicing', 'checked': False}]"
12203561,"C/O đã được cấp phép
(ĐÃ NỘP PHÍ)",1102022318,Phòng Quản lý XNK khu vực Tp. Hồ Chí Minh,Form VK,South Korea,VN-KR 24/02/012232,19/04/2024,22/04/2024,"[{'item_num': 1, 'invoice_number': '306342953400', 'invoice_date': '12/04/2024', 'invoice_link': 'https://ecosys.gov.vn/Resources12/1102022318/2024/04/19/20240419134600_tkx-306342953400.pdf'}]","['ACE BONGSAN VINA COMPANY LIMITED', 'O2-10(02 FACTORY), ROAD 1B, KIZUNA 3 EXT, AREA K1, TAN KIM IP EXT', 'Can Giuoc Town, Can Giuoc District, Long An Province, Vietnam']","['CHAI HONG CO.,LTD', '174, Jaejaegi-ro, Hwado-eup, Namyangju-si, Gyeonggi-do, (Zip12200)', 'KOREA Tel: 010 7376 2248']",By Sea,18/04/2024,DONGJIN VOYAGER 0105N,HO CHI MINH,INCHEON (KRINC) - Korea (Republic),https://ecosys.gov.vn/Resources12/1102022318/2024/04/22/20240422161559_unihcm2404020.pdf,"[['Item number', 'Id', 'Marks and numbers on packages', 'Numbers and type of package decription of goods (including quantity where appropriate and HS number of the importing country)', 'Origin criterion (see Overleaf Notes)', 'Gross weight or other quantity and value (FOB) where RVC is applied', 'Number and date of invoices'], ['1', '27588595', 'NO MARK', '291 CARTON Slippers P/R EVA 24 640419', 'CTC', '2,298.90 KILOGRAM 30,555.00 PAIR 21,082.95 USD', 'BO-CH12042024 12/04/2024'], ['2', '27588596', 'NO MARK', '512 CARTON Slippers P/R 24 640419', 'CTC', '4,044.80 KILOGRAM 53,760.00 PAIR 37,094.40 USD', 'BO-CH12042024 12/04/2024'], ['3', '27588597', 'NO MARK', '30 CARTON Slippers F/C 640419', 'CTC', '338.10 KILOGRAM 2,520.00 SET 3,024.00 USD', 'BO-CH12042024 12/04/2024']]","61,201.35 USD",Unknown,"6,681.80 KILOGRAM",False,"['https://ecosys.gov.vn/Resources12/1102022318/2024/04/19/20240419134615_bang-ke-306342953400.pdf', 'https://ecosys.gov.vn/Resources12/1102022318/2024/04/19/20240419142109_tkn--1-.pdf', 'https://ecosys.gov.vn/Resources12/1102022318/2024/04/19/20240419142235_tkn--2-.pdf', 'https://ecosys.gov.vn/Resources12/1102022318/2024/04/19/20240419142515_tkn--3-.pdf', 'https://ecosys.gov.vn/Resources12/1102022318/2024/04/19/20240419142506_qtsx.pdf']","['https://ecosys.gov.vn/Resources12/1102022318/2024/04/19/20240419141728_inv-306342953400.pdf', 'https://ecosys.gov.vn/Resources12/1102022318/2024/04/19/20240419141923_pl-306342953400.pdf']",Long An,"[{'label': 'Issued Retroactively', 'checked': True}, {'label': 'Non-Party Invoicing', 'checked': False}]"
12099671,"C/O đã được cấp phép
(ĐÃ NỘP PHÍ)",1102022318,Phòng Quản lý XNK khu vực Tp. Hồ Chí Minh,Form VK,South Korea,VN-KR 24/02/009725,29/03/2024,29/03/2024,"[{'item_num': 1, 'invoice_number': '306293943600', 'invoice_date': '25/03/2024', 'invoice_link': 'https://ecosys.gov.vn/Resources12/1102022318/2024/03/29/20240329132503_tkx-306293943600.pdf'}]","['ACE BONGSAN VINA COMPANY LIMITED', 'O2-10(02 FACTORY), ROAD 1B, KIZUNA 3 EXT, AREA K1, TAN KIM IP EXT', 'Can Giuoc Town, Can Giuoc District, Long An Province, Vietnam']","['CHAI HONG CO.,LTD', '174, JAEJAEGI-RO, HWADO-EUP, NAMYANGJU-SI, GYEONGGI-DO,', '(ZIP12200) KOREA TEL: 010 7376 2248']",By Sea,29/03/2024,STARSHIP TAURUS 2403N,HO CHI MINH,INCHEON (KRINC) - Korea (Republic),https://ecosys.gov.vn/Resources12/1102022318/2024/03/29/20240329132512_unihcm2403030.pdf,"[['Item number', 'Id', 'Marks and numbers on packages', 'Numbers and type of package decription of goods (including quantity where appropriate and HS number of the importing country)', 'Origin criterion (see Overleaf Notes)', 'Gross weight or other quantity and value (FOB) where RVC is applied', 'Number and date of invoices'], ['1', '27220443', 'No Mark', '840 CARTON SLIPPERS P/R EVA 24 640419', 'CTC', '6,636.00 KILOGRAM 88,200.00 PAIR 60,858.00 USD', 'BO-CH25032024 25/03/2024']]","60,858.00 USD","88,200.00 PAIR","6,636.00 KILOGRAM",False,"['https://ecosys.gov.vn/Resources12/1102022318/2024/03/29/20240329132554_bang-ke.pdf', 'https://ecosys.gov.vn/Resources12/1102022318/2024/03/29/20240329132559_qtsx.pdf', 'https://ecosys.gov.vn/Resources12/1102022318/2024/03/29/20240329132606_vat.pdf', 'https://ecosys.gov.vn/Resources12/1102022318/2024/03/29/20240329132609_tkn.xls']","['https://ecosys.gov.vn/Resources12/1102022318/2024/03/29/20240329132613_ci.pdf', 'https://ecosys.gov.vn/Resources12/1102022318/2024/03/29/20240329132621_pkl.pdf']",Long An,"[{'label': 'Issued Retroactively', 'checked': False}, {'label': 'Non-Party Invoicing', 'checked': False}]"
12002264,"C/O đã được cấp phép
(ĐÃ NỘP PHÍ)",1102022318,Phòng Quản lý XNK khu vực Tp. Hồ Chí Minh,Form VK,South Korea,VN-KR 24/02/007352,11/03/2024,18/03/2024,"[{'item_num': 1, 'invoice_number': '306254999060', 'invoice_date': '08/03/2024', 'invoice_link': 'https://ecosys.gov.vn/Resources12/1102022318/2024/03/11/20240311114420_tkx-306254999060.pdf'}]","['ACE BONGSAN VINA COMPANY LIMITED', 'O2-10(02 FACTORY), ROAD 1B, KIZUNA 3 EXT, AREA K1, TAN KIM IP EXT', 'Can Giuoc Town, Can Giuoc District, Long An Province, Vietnam']","['CHAI HONG CO.,LTD', '174, JAEJAEGI-RO, HWADO-EUP, NAMYANGJU-SI, GYEONGGI-DO,', '(Zip12200) KOREA Tel: 010 7376 2248']",By Sea,11/03/2024,PEGASUS PROTO 2403N,HO CHI MINH,INCHEON (KRINC) - Korea (Republic),https://ecosys.gov.vn/Resources12/1102022318/2024/03/11/20240311114428_unihcm2403006.pdf,"[['Item number', 'Id', 'Marks and numbers on packages', 'Numbers and type of package decription of goods (including quantity where appropriate and HS number of the importing country)', 'Origin criterion (see Overleaf Notes)', 'Gross weight or other quantity and value (FOB) where RVC is applied', 'Number and date of invoices'], ['1', '26891523', 'No Mark', '784 CARTON SLIPPERS P/R 24 640419', 'CTC', '6,193.60 KILOGRAM 82,320.00 PAIR 56,800.80 USD', 'BO-CH08032024 08/03/2024'], ['2', '26891524', 'No Mark', '56 CARTON SLIPPERS P/R EVA 24 640419', 'CTC', '442.40 KILOGRAM 5,880.00 PAIR 4,057.20 USD', 'BO-CH08032024 08/03/2024']]","60,858.00 USD","88,200.00 PAIR","6,636.00 KILOGRAM",False,"['https://ecosys.gov.vn/Resources12/1102022318/2024/03/11/20240311120147_bang-ke-slipper-24-rv.pdf', 'https://ecosys.gov.vn/Resources12/1102022318/2024/03/11/20240311120154_bang-ke-slipper-eva-24-rv.pdf', 'https://ecosys.gov.vn/Resources12/1102022318/2024/03/11/20240311114518_qtsx.pdf', 'https://ecosys.gov.vn/Resources12/1102022318/2024/03/11/20240311114524_vat.pdf', 'https://ecosys.gov.vn/Resources12/1102022318/2024/03/11/20240311114529_tkn.xlsx']","['https://ecosys.gov.vn/Resources12/1102022318/2024/03/11/20240311114534_ci.pdf', 'https://ecosys.gov.vn/Resources12/1102022318/2024/03/11/20240311114603_pkl.pdf']",Long An,"[{'label': 'Issued Retroactively', 'checked': True}, {'label': 'Non-Party Invoicing', 'checked': False}]"
11942402,"C/O đã được cấp phép
(ĐÃ NỘP PHÍ)",1102022318,Phòng Quản lý XNK khu vực Tp. Hồ Chí Minh,Form VK,South Korea,VN-KR 24/02/005871,28/02/2024,29/02/2024,"[{'item_num': 1, 'invoice_number': '306224462850', 'invoice_date': '26/02/2024', 'invoice_link': 'https://ecosys.gov.vn/Resources12/1102022318/2024/02/28/20240228084753_tkx.pdf'}]","['ACE BONGSAN VINA COMPANY LIMITED', 'O2-10(02 FACTORY), ROAD 1B, KIZUNA 3 EXT, AREA K1, TAN KIM IP EXT', 'Can Giuoc Town, Can Giuoc District, Long An Province, Vietnam']","['CHAI HONG CO.,LTD', '174, JAEJAEGI-RO, HWADO-EUP, NAMYANGJU-SI, GYEONGGI-DO,', '(ZIP12200) KOREA TEL: 010 7376 2248']",By Sea,28/02/2024,WAN HAI 292 N033,HO CHI MINH,INCHEON (KRINC) - Korea (Republic),https://ecosys.gov.vn/Resources12/1102022318/2024/02/28/20240228084801_unihcm2402022.pdf,"[['Item number', 'Id', 'Marks and numbers on packages', 'Numbers and type of package decription of goods (including quantity where appropriate and HS number of the importing country)', 'Origin criterion (see Overleaf Notes)', 'Gross weight or other quantity and value (FOB) where RVC is applied', 'Number and date of invoices'], ['1', '26688783', 'No Mark', '840 CARTON SLIPPERS P/R 640419', 'CTC', '6,636.00 KILOGRAM 88,200.00 PAIR 60,858.00 USD', 'BO-CH26022024 26/02/2024']]","60,858.00 USD","88,200.00 PAIR","6,636.00 KILOGRAM",False,"['https://ecosys.gov.vn/Resources12/1102022318/2024/02/28/20240228084822_bang-ke.pdf', 'https://ecosys.gov.vn/Resources12/1102022318/2024/02/28/20240228084855_qtsx.pdf', 'https://ecosys.gov.vn/Resources12/1102022318/2024/02/28/20240228084905_vat.pdf', 'https://ecosys.gov.vn/Resources12/1102022318/2024/02/28/20240228084911_tkn.xls']","['https://ecosys.gov.vn/Resources12/1102022318/2024/02/28/20240228084948_pkl.pdf', 'https://ecosys.gov.vn/Resources12/1102022318/2024/02/28/20240228084917_ci.pdf']",Long An,"[{'label': 'Issued Retroactively', 'checked': False}, {'label': 'Non-Party Invoicing', 'checked': False}]"
11833791,"C/O đã được cấp phép
(ĐÃ NỘP PHÍ)",1102022318,Phòng Quản lý XNK khu vực Tp. Hồ Chí Minh,Form VK,South Korea,VN-KR 24/02/003640,31/01/2024,01/02/2024,"[{'item_num': 1, 'invoice_number': '306176901240', 'invoice_date': '29/01/2024', 'invoice_link': 'https://ecosys.gov.vn/Resources12/1102022318/2024/01/31/20240131095045_tokhaihq7x-qdtq-306176901240.xls'}]","['ACE BONGSAN VINA COMPANY LIMITED', 'O2-10(02 FACTORY), ROAD 1B, KIZUNA 3 EXT, AREA K1, TAN KIM IP EXT', 'Can Giuoc Town, Can Giuoc District, Long An Province, Vietnam']","['CHAI HONG CO.,LTD', '174, JAEJAEGI-RO, HWADO-EUP, NAMYANGJU-SI, GYEONGGI-DO,', '(Zip12200) KOREA Tel: 010 7376 2248']",By Sea,31/01/2024,WAN HAI 292 N032,HO CHI MINH,INCHEON (KRINC) - Korea (Republic),https://ecosys.gov.vn/Resources12/1102022318/2024/01/31/20240131095135_bill-unihcm2401047.pdf,"[['Item number', 'Id', 'Marks and numbers on packages', 'Numbers and type of package decription of goods (including quantity where appropriate and HS number of the importing country)', 'Origin criterion (see Overleaf Notes)', 'Gross weight or other quantity and value (FOB) where RVC is applied', 'Number and date of invoices'], ['1', '26325467', 'No Mark', '840 CARTON SLIPPERS P/R 640419', 'CTC', '6,636.00 KILOGRAM 88,200.00 PAIR 60,858.00 USD', 'BO-CH29012024 29/01/2024']]","60,858.00 USD","88,200.00 PAIR","6,636.00 KILOGRAM",False,"['https://ecosys.gov.vn/Resources12/1102022318/2024/01/31/20240131095149_bang-ke.pdf', 'https://ecosys.gov.vn/Resources12/1102022318/2024/01/31/20240131095221_qtsx.pdf', 'https://ecosys.gov.vn/Resources12/1102022318/2024/01/31/20240131095228_vat.pdf', 'https://ecosys.gov.vn/Resources12/1102022318/2024/01/31/20240131095234_tkn.xlsx']","['https://ecosys.gov.vn/Resources12/1102022318/2024/01/31/20240131095240_ci.pdf', 'https://ecosys.gov.vn/Resources12/1102022318/2024/01/31/20240131095309_pkl.pdf']",Long An,"[{'label': 'Issued Retroactively', 'checked': False}, {'label': 'Non-Party Invoicing', 'checked': False}]"
11753532,"C/O đã được cấp phép
(ĐÃ NỘP PHÍ)",1102022318,Phòng Quản lý XNK khu vực Tp. Hồ Chí Minh,Form VK,South Korea,VN-KR 24/02/002017,16/01/2024,17/01/2024,"[{'item_num': 1, 'invoice_number': '306133997320', 'invoice_date': '12/01/2024', 'invoice_link': 'https://ecosys.gov.vn/Resources10/1102022318/2024/01/16/20240116155640_5--tokhaihq7x-qdtq-306133997320.xls'}]","['ACE BONGSAN VINA COMPANY LIMITED', 'O2-10(02 FACTORY), ROAD 1B, KIZUNA 3 EXT, AREA K1, TAN KIM IP EXT', 'Can Giuoc Town, Can Giuoc District, Long An Province, Vietnam']","['CHAI HONG CO.,LTD', '174, JAEJAEGI-RO, HWADO-EUP, NAMYANGJU-SI, GYEONGGI-DO,', '(Zip12200) KOREA Tel: 010 7376 2248']",By Sea,15/01/2024,STARSHIP TAURUS 2316N,HO CHI MINH,INCHEON (KRINC) - Korea (Republic),https://ecosys.gov.vn/Resources10/1102022318/2024/01/16/20240116155648_6--unihcm2401018.pdf,"[['Item number', 'Id', 'Marks and numbers on packages', 'Numbers and type of package decription of goods (including quantity where appropriate and HS number of the importing country)', 'Origin criterion (see Overleaf Notes)', 'Gross weight or other quantity and value (FOB) where RVC is applied', 'Number and date of invoices'], ['1', '26046166', 'No Mark', '840 CARTON SLIPPERS P/R 640419', 'CTC', '6,636.00 KILOGRAM 88,200.00 PAIR 60,858.00 USD', 'BO-CH12012024 12/01/2024']]","60,858.00 USD","88,200.00 PAIR","6,636.00 KILOGRAM",False,"['https://ecosys.gov.vn/Resources10/1102022318/2024/01/16/20240116155658_bang-ke.pdf', 'https://ecosys.gov.vn/Resources10/1102022318/2024/01/16/20240116155802_qtsx.pdf', 'https://ecosys.gov.vn/Resources10/1102022318/2024/01/16/20240116155904_3-1-tk.xls', 'https://ecosys.gov.vn/Resources10/1102022318/2024/01/16/20240116155911_3-2--hd.pdf']","['https://ecosys.gov.vn/Resources10/1102022318/2024/01/16/20240116155918_ci.pdf', 'https://ecosys.gov.vn/Resources10/1102022318/2024/01/16/20240116160010_pkl.pdf']",Long An,"[{'label': 'Issued Retroactively', 'checked': False}, {'label': 'Non-Party Invoicing', 'checked': False}]"
11592802,"C/O đã được cấp phép
(ĐÃ NỘP PHÍ)",1102022318,Phòng Quản lý XNK khu vực Tp. Hồ Chí Minh,Form VK,South Korea,VN-KR 23/02/032547,27/12/2023,27/12/2023,"[{'item_num': 1, 'invoice_number': '306093125720', 'invoice_date': '25/12/2023', 'invoice_link': 'https://ecosys.gov.vn/Resources09/1102022318/2023/12/27/20231227134556_tkx-306093125720.pdf'}]","['ACE BONGSAN VINA COMPANY LIMITED', 'O2-10(02 FACTORY), ROAD 1B, KIZUNA 3 EXT, AREA K1, TAN KIM IP EXT', 'Can Giuoc Town, Can Giuoc District, Long An Province, Vietnam']","['CHAI HONG CO.,LTD', '174, JAEJAEGI-RO, HWADO-EUP, NAMYANGJU-SI,', 'GYEONGGI-DO, (ZIP12200) KOREA']",By Sea,27/12/2023,WAN HAI 283 N064,HO CHI MINH,INCHEON (KRINC) - Korea (Republic),https://ecosys.gov.vn/Resources09/1102022318/2023/12/27/20231227134617_bill.pdf,"[['Item number', 'Id', 'Marks and numbers on packages', 'Numbers and type of package decription of goods (including quantity where appropriate and HS number of the importing country)', 'Origin criterion (see Overleaf Notes)', 'Gross weight or other quantity and value (FOB) where RVC is applied', 'Number and date of invoices'], ['1', '25669885', 'no Mark', '840 CARTON Slippers P/R 640419', 'CTC', '6,636.00 KILOGRAM 88,200.00 PAIR 60,858.00 USD', 'BO-CH25122023 25/12/2023']]","60,858.00 USD","88,200.00 PAIR","6,636.00 KILOGRAM",False,"['https://ecosys.gov.vn/Resources09/1102022318/2023/12/27/20231227134726_bang-ke-.pdf', 'https://ecosys.gov.vn/Resources09/1102022318/2023/12/27/20231227134819_ds-ma-vach.pdf', 'https://ecosys.gov.vn/Resources09/1102022318/2023/12/27/20231227134826_tkn-vat-1.pdf', 'https://ecosys.gov.vn/Resources09/1102022318/2023/12/27/20231227134922_tkn-vat-2.pdf', '/Public09/2023/12/27/13/20231218091520_qtsx.pdf']","['https://ecosys.gov.vn/Resources09/1102022318/2023/12/27/20231227135134_ci.pdf', 'https://ecosys.gov.vn/Resources09/1102022318/2023/12/27/20231227135141_pkl.pdf']",Long An,"[{'label': 'Issued Retroactively', 'checked': False}, {'label': 'Non-Party Invoicing', 'checked': False}]"
11529583,"C/O đã được cấp phép
(ĐÃ NỘP PHÍ)",1102022318,Phòng Quản lý XNK khu vực Tp. Hồ Chí Minh,Form VK,South Korea,VN-KR 23/02/031485,18/12/2023,18/12/2023,"[{'item_num': 1, 'invoice_number': '306058512010', 'invoice_date': '11/12/2023', 'invoice_link': 'https://ecosys.gov.vn/Resources09/1102022318/2023/12/18/20231218091205_tkx.pdf'}]","['ACE BONGSAN VINA COMPANY LIMITED', 'O2-10(02 FACTORY), ROAD 1B, KIZUNA 3 EXT, AREA K1, TAN KIM IP EXT', 'Can Giuoc Town, Can Giuoc District, Long An Province, Vietnam']","['CHAI HONG CO.,LTD', '174, JAEJAEGI-RO, HWADO-EUP, NAMYANGJU-SI,', 'GYEONGGI-DO, (ZIP12200) KOREA']",By Sea,16/12/2023,KMTC INCHEON 2313N,HO CHI MINH,INCHEON (KRINC) - Korea (Republic),https://ecosys.gov.vn/Resources09/1102022318/2023/12/18/20231218091225_bill.pdf,"[['Item number', 'Id', 'Marks and numbers on packages', 'Numbers and type of package decription of goods (including quantity where appropriate and HS number of the importing country)', 'Origin criterion (see Overleaf Notes)', 'Gross weight or other quantity and value (FOB) where RVC is applied', 'Number and date of invoices'], ['1', '25467121', 'no Mark', '840 CARTON Slippers P/R 640419', 'CTC', '6,636.00 KILOGRAM 88,200.00 PAIR 60,858.00 USD', 'BO-CH11122023 11/12/2023']]","60,858.00 USD","88,200.00 PAIR","6,636.00 KILOGRAM",False,"['https://ecosys.gov.vn/Resources09/1102022318/2023/12/18/20231218091421_bang-ke.pdf', 'https://ecosys.gov.vn/Resources09/1102022318/2023/12/18/20231218091520_qtsx.pdf', 'https://ecosys.gov.vn/Resources09/1102022318/2023/12/18/20231218091726_tk-vat-1.pdf', 'https://ecosys.gov.vn/Resources09/1102022318/2023/12/18/20231218091859_tk-vat-2.pdf', 'https://ecosys.gov.vn/Resources09/1102022318/2023/12/18/20231218092037_dsmv.pdf']","['https://ecosys.gov.vn/Resources09/1102022318/2023/12/18/20231218092423_inv.pdf', 'https://ecosys.gov.vn/Resources09/1102022318/2023/12/18/20231218092426_pkl.pdf']",Long An,"[{'label': 'Issued Retroactively', 'checked': False}, {'label': 'Non-Party Invoicing', 'checked': False}]"
11428428,"C/O đã được cấp phép
(ĐÃ NỘP PHÍ)",1102022318,Phòng Quản lý XNK khu vực Tp. Hồ Chí Minh,Form VK,South Korea,VN-KR 23/02/029493,27/11/2023,27/11/2023,"[{'item_num': 1, 'invoice_number': '305996324120', 'invoice_date': '20/11/2023', 'invoice_link': 'https://ecosys.gov.vn/Resources09/1102022318/2023/11/27/20231127154231_305996324120.pdf'}]","['ACE BONGSAN VINA COMPANY LIMITED', 'O2-10(02 FACTORY), ROAD 1B, KIZUNA 3 EXT, AREA K1, TAN KIM IP EXT', 'Can Giuoc Town, Can Giuoc District, Long An Province, Vietnam']","['CHAI HONG CO.,LTD', '174, JAEJAEGI-RO, HWADO-EUP, NAMYANGJU-SI,', 'GYEONGGI-DO, (ZIP12200) KOREA']",By Sea,27/11/2023,WAN HAI 307 N430,HO CHI MINH,INCHEON (KRINC) - Korea (Republic),https://ecosys.gov.vn/Resources09/1102022318/2023/11/27/20231127154240_bill.pdf,"[['Item number', 'Id', 'Marks and numbers on packages', 'Numbers and type of package decription of goods (including quantity where appropriate and HS number of the importing country)', 'Origin criterion (see Overleaf Notes)', 'Gross weight or other quantity and value (FOB) where RVC is applied', 'Number and date of invoices'], ['1', '25141541', 'no Mark', '840 CARTON Slippers P/R 640419', 'CTC', '6,636.00 KILOGRAM 88,200.00 PAIR 60,858.00 USD', 'BO-CH20112023 20/11/2023']]","60,858.00 USD","88,200.00 PAIR","6,636.00 KILOGRAM",False,"['https://ecosys.gov.vn/Resources09/1102022318/2023/11/27/20231127154250_bang-ke.pdf', 'https://ecosys.gov.vn/Resources09/1102022318/2023/11/27/20231127154346_qtsx.pdf', 'https://ecosys.gov.vn/Resources09/1102022318/2023/11/27/20231127154453_dsmv.pdf', 'https://ecosys.gov.vn/Resources09/1102022318/2023/11/27/20231127154459_tkn-vat-1.pdf', 'https://ecosys.gov.vn/Resources09/1102022318/2023/11/27/20231127154503_tkn-vat-2.pdf']","['https://ecosys.gov.vn/Resources09/1102022318/2023/11/27/20231127154509_inv.pdf', 'https://ecosys.gov.vn/Resources09/1102022318/2023/11/27/20231127154619_pkl.pdf']",Long An,"[{'label': 'Issued Retroactively', 'checked': False}, {'label': 'Non-Party Invoicing', 'checked': False}]"
11327132,"C/O đã được cấp phép
(ĐÃ NỘP PHÍ)",1102022318,Phòng Quản lý XNK khu vực Tp. Hồ Chí Minh,Form VK,South Korea,VN-KR 23/02/027268,02/11/2023,03/11/2023,"[{'item_num': 1, 'invoice_number': '305934242850', 'invoice_date': '30/10/2023', 'invoice_link': 'https://ecosys.gov.vn/Resources09/1102022318/2023/11/02/20231102094434_305934242850.pdf'}]","['ACE BONGSAN VINA COMPANY LIMITED', 'O2-10(02 FACTORY), ROAD 1B, KIZUNA 3 EXT, AREA K1, TAN KIM IP EXT', 'Can Giuoc Town, Can Giuoc District, Long An Province, Vietnam']","['CHAI HONG CO.,LTD', '174, JAEJAEGI-RO, HWADO-EUP, NAMYANGJU-SI,', 'GYEONGGI-DO, (ZIP12200) KOREA']",By Sea,01/11/2023,WAN HAI 283 N062,HO CHI MINH,INCHEON (KRINC) - Korea (Republic),https://ecosys.gov.vn/Resources09/1102022318/2023/11/02/20231102094449_bill.pdf,"[['Item number', 'Id', 'Marks and numbers on packages', 'Numbers and type of package decription of goods (including quantity where appropriate and HS number of the importing country)', 'Origin criterion (see Overleaf Notes)', 'Gross weight or other quantity and value (FOB) where RVC is applied', 'Number and date of invoices'], ['1', '24821251', 'no Mark', '840 CARTON Slippers P/R 640419', 'CTC', '6,636.00 KILOGRAM 88,200.00 PAIR 61,740.00 USD', 'BO-CH30102023 30/10/2023']]","61,740.00 USD","88,200.00 PAIR","6,636.00 KILOGRAM",False,"['https://ecosys.gov.vn/Resources09/1102022318/2023/11/02/20231102094615_bang-ke.pdf', 'https://ecosys.gov.vn/Resources09/1102022318/2023/11/02/20231102094708_qtsx.pdf', 'https://ecosys.gov.vn/Resources09/1102022318/2023/11/02/20231102094836_tk-vat-1.pdf', 'https://ecosys.gov.vn/Resources09/1102022318/2023/11/02/20231102094851_tk-vat-2.pdf', 'https://ecosys.gov.vn/Resources09/1102022318/2023/11/02/20231102094947_dsmv.pdf']","['https://ecosys.gov.vn/Resources09/1102022318/2023/11/02/20231102094954_inv.pdf', 'https://ecosys.gov.vn/Resources09/1102022318/2023/11/02/20231102095054_pkl.pdf']",Long An,"[{'label': 'Issued Retroactively', 'checked': False}, {'label': 'Non-Party Invoicing', 'checked': False}]"
11262603,"C/O đã được cấp phép
(ĐÃ NỘP PHÍ)",1102022318,Phòng Quản lý XNK khu vực Tp. Hồ Chí Minh,Form VK,South Korea,VN-KR 23/02/025996,19/10/2023,19/10/2023,"[{'item_num': 1, 'invoice_number': '305885798650', 'invoice_date': '13/10/2023', 'invoice_link': 'https://ecosys.gov.vn/Resources09/1102022318/2023/10/19/20231019134029_tkx.pdf'}]","['ACE BONGSAN VINA COMPANY LIMITED', 'O2-10(02 FACTORY), ROAD 1B, KIZUNA 3 EXT, AREA K1, TAN KIM IP EXT', 'Can Giuoc Town, Can Giuoc District, Long An Province, Vietnam']","['CHAI HONG CO.,LTD', '174, JAEJAEGI-RO, HWADO-EUP, NAMYANGJU-SI,', 'GYEONGGI-DO, (ZIP12200) KOREA']",By Sea,18/10/2023,WAI HAI 308 / N016,HO CHI MINH,INCHEON (KRINC) - Korea (Republic),https://ecosys.gov.vn/Resources09/1102022318/2023/10/19/20231019134044_bill.pdf,"[['Item number', 'Id', 'Marks and numbers on packages', 'Numbers and type of package decription of goods (including quantity where appropriate and HS number of the importing country)', 'Origin criterion (see Overleaf Notes)', 'Gross weight or other quantity and value (FOB) where RVC is applied', 'Number and date of invoices'], ['1', '24612282', 'no Mark', '840 CARTON Slippers P/R 640419', 'CTC', '6,636.00 KILOGRAM 88,200.00 PAIR 61,740.00 USD', 'BO-CH13102023 13/10/2023']]","61,740.00 USD","88,200.00 PAIR","6,636.00 KILOGRAM",False,"['https://ecosys.gov.vn/Resources09/1102022318/2023/10/19/20231019134717_ds-ma-vach.pdf', 'https://ecosys.gov.vn/Resources09/1102022318/2023/10/19/20231019134811_tkn-vat-1.pdf', 'https://ecosys.gov.vn/Resources09/1102022318/2023/10/19/20231019134902_tkn-vat-2.pdf', 'https://ecosys.gov.vn/Resources09/1102022318/2023/10/19/20231019134953_tkn-vat-3.pdf', 'https://ecosys.gov.vn/Resources09/1102022318/2023/10/19/20231019135347_bang-ke.pdf']","['https://ecosys.gov.vn/Resources09/1102022318/2023/10/19/20231019135002_inv.pdf', 'https://ecosys.gov.vn/Resources09/1102022318/2023/10/19/20231019135034_pkl.pdf']",Long An,"[{'label': 'Issued Retroactively', 'checked': False}, {'label': 'Non-Party Invoicing', 'checked': False}]"
11149767,"C/O đã được cấp phép
(ĐÃ NỘP PHÍ)",1102022318,Phòng Quản lý XNK khu vực Tp. Hồ Chí Minh,Form VK,South Korea,VN-KR 23/02/023067,22/09/2023,22/09/2023,"[{'item_num': 1, 'invoice_number': '305822868060', 'invoice_date': '20/09/2023', 'invoice_link': 'https://ecosys.gov.vn/Resources09/1102022318/2023/09/22/20230922090940_tkx.pdf'}]","['ACE BONGSAN VINA COMPANY LIMITED', 'O2-10(02 FACTORY), ROAD 1B, KIZUNA 3 EXT, AREA K1, TAN KIM IP EXT', 'Can Giuoc Town, Can Giuoc District, Long An Province, Vietnam']","['CHAI HONG CO.,LTD', '174, JAEJAEGI-RO, HWADO-EUP, NAMYANGJU-SI,', 'GYEONGGI-DO, (ZIP12200) KOREA']",By Sea,21/09/2023,KMTC INCHEON 2309N,HO CHI MINH,INCHEON (KRINC) - Korea (Republic),https://ecosys.gov.vn/Resources09/1102022318/2023/09/22/20230922090959_bill.pdf,"[['Item number', 'Id', 'Marks and numbers on packages', 'Numbers and type of package decription of goods (including quantity where appropriate and HS number of the importing country)', 'Origin criterion (see Overleaf Notes)', 'Gross weight or other quantity and value (FOB) where RVC is applied', 'Number and date of invoices'], ['1', '24247498', 'no Mark', '840 CARTON Slippers P/R 640419', 'CTC', '6,636.00 KILOGRAM 88,200.00 PAIR 61,740.00 USD', 'BO-CH20092023 20/09/2023']]","61,740.00 USD","88,200.00 PAIR","6,636.00 KILOGRAM",False,"['https://ecosys.gov.vn/Resources09/1102022318/2023/09/22/20230922091017_bang-ke.pdf', 'https://ecosys.gov.vn/Resources09/1102022318/2023/09/22/20230922091131_dsmv.pdf', 'https://ecosys.gov.vn/Resources09/1102022318/2023/09/22/20230922091245_tk-vat-1.pdf', 'https://ecosys.gov.vn/Resources09/1102022318/2023/09/22/20230922091342_tk-vat-2.pdf', 'https://ecosys.gov.vn/Resources09/1102022318/2023/09/22/20230922091444_tk-vat-3.pdf', 'https://ecosys.gov.vn/Resources09/1102022318/2023/09/22/20230922091547_qtsx.pdf']","['https://ecosys.gov.vn/Resources09/1102022318/2023/09/22/20230922091552_inv.pdf', 'https://ecosys.gov.vn/Resources09/1102022318/2023/09/22/20230922091605_pkl.pdf']",Long An,"[{'label': 'Issued Retroactively', 'checked': False}, {'label': 'Non-Party Invoicing', 'checked': False}]"
11029901,"C/O đã được cấp phép
(ĐÃ NỘP PHÍ)",1102022318,Phòng Quản lý XNK khu vực Tp. Hồ Chí Minh,Form VK,South Korea,VN-KR 23/02/020311,28/08/2023,28/08/2023,"[{'item_num': 1, 'invoice_number': '305756670610', 'invoice_date': '22/08/2023', 'invoice_link': 'https://ecosys.gov.vn/Resources09/1102022318/2023/08/28/20230828145937_tkx.pdf'}]","['ACE BONGSAN VINA COMPANY LIMITED', 'O2-10(02 FACTORY), ROAD 1B, KIZUNA 3 EXT, AREA K1, TAN KIM IP EXT', 'Can Giuoc Town, Can Giuoc District, Long An Province, Vietnam']","['CHAI HONG CO.,LTD', '174, JAEJAEGI-RO, HWADO-EUP, NAMYANGJU-SI,', 'GYEONGGI-DO, (ZIP12200) KOREA']",By Sea,26/08/2023,starship aquila 2310N,HO CHI MINH,INCHEON (KRINC) - Korea (Republic),https://ecosys.gov.vn/Resources09/1102022318/2023/08/28/20230828145923_bill.pdf,"[['Item number', 'Id', 'Marks and numbers on packages', 'Numbers and type of package decription of goods (including quantity where appropriate and HS number of the importing country)', 'Origin criterion (see Overleaf Notes)', 'Gross weight or other quantity and value (FOB) where RVC is applied', 'Number and date of invoices'], ['1', '23862026', 'no Mark', '840 CARTON Slippers P/R 640419', 'CTC', '6,636.00 KILOGRAM 88,200.00 PAIR 67,914.00 USD', 'BO-CH22082023 22/08/2023']]","67,914.00 USD","88,200.00 PAIR","6,636.00 KILOGRAM",False,"['https://ecosys.gov.vn/Resources09/1102022318/2023/08/28/20230828151649_dsmv.pdf', 'https://ecosys.gov.vn/Resources09/1102022318/2023/08/28/20230828150408_bang-ke.pdf', 'https://ecosys.gov.vn/Resources09/1102022318/2023/08/28/20230828151110_qtsx.pdf', 'https://ecosys.gov.vn/Resources09/1102022318/2023/08/28/20230828151337_tk-vat-1.pdf', 'https://ecosys.gov.vn/Resources09/1102022318/2023/08/28/20230828151429_tk-vat-2.pdf']","['https://ecosys.gov.vn/Resources09/1102022318/2023/08/28/20230828151701_ci.pdf', 'https://ecosys.gov.vn/Resources09/1102022318/2023/08/28/20230828151810_pkl.pdf']",Long An,"[{'label': 'Issued Retroactively', 'checked': False}, {'label': 'Non-Party Invoicing', 'checked': False}]"
10893833,"C/O đã được cấp phép
(ĐÃ NỘP PHÍ)",1102022318,Phòng Quản lý XNK khu vực Tp. Hồ Chí Minh,Form VK,South Korea,VN-KR 23/02/017766,02/08/2023,02/08/2023,"[{'item_num': 1, 'invoice_number': '305691339720', 'invoice_date': '25/07/2023', 'invoice_link': 'https://ecosys.gov.vn/Resources08/1102022318/2023/08/02/20230802110344_tk-xuat.pdf'}]","['ACE BONGSAN VINA COMPANY LIMITED', 'O2-10(02 FACTORY), ROAD 1B, KIZUNA 3 EXT, AREA K1, TAN KIM IP EXT', 'Can Giuoc Town, Can Giuoc District, Long An Province, Vietnam']","['CHAI HONG CO.,LTD', '174, JAEJAEGI-RO, HWADO-EUP, NAMYANGJU-SI,', 'GYEONGGI-DO, (ZIP12200) KOREA']",By Sea,02/08/2023,SKY SUNSHINE 2309N,HO CHI MINH,INCHEON (KRINC) - Korea (Republic),https://ecosys.gov.vn/Resources08/1102022318/2023/08/02/20230802110352_bill.pdf,"[['Item number', 'Id', 'Marks and numbers on packages', 'Numbers and type of package decription of goods (including quantity where appropriate and HS number of the importing country)', 'Origin criterion (see Overleaf Notes)', 'Gross weight or other quantity and value (FOB) where RVC is applied', 'Number and date of invoices'], ['1', '23431914', 'no Mark', '840 CARTON Slippers P/R 640419', 'CTC', '6,636.00 KILOGRAM 88,200.00 PAIR 67,914.00 USD', 'BO-CH25072023 25/07/2023']]","67,914.00 USD","88,200.00 PAIR","6,636.00 KILOGRAM",False,"['https://ecosys.gov.vn/Resources08/1102022318/2023/08/02/20230802110527_bang-ke.pdf', 'https://ecosys.gov.vn/Resources08/1102022318/2023/08/02/20230802111046_qtsx.pdf', 'https://ecosys.gov.vn/Resources08/1102022318/2023/08/02/20230802111145_tk-nhap.pdf', 'https://ecosys.gov.vn/Resources08/1102022318/2023/08/02/20230802111239_tk-nhap-2.pdf', 'https://ecosys.gov.vn/Resources08/1102022318/2023/08/02/20230802111332_ds-ma-vach.pdf']","['https://ecosys.gov.vn/Resources08/1102022318/2023/08/02/20230802111339_inv.pdf', 'https://ecosys.gov.vn/Resources08/1102022318/2023/08/02/20230802111514_pkl.pdf']",Long An,"[{'label': 'Issued Retroactively', 'checked': False}, {'label': 'Non-Party Invoicing', 'checked': False}]"
10801485,"C/O đã được cấp phép
",1102022318,Phòng Quản lý XNK khu vực Tp. Hồ Chí Minh,Form VK,South Korea,VN-KR 23/02/015296,06/07/2023,06/07/2023,"[{'item_num': 1, 'invoice_number': '305638135150', 'invoice_date': '03/07/2023', 'invoice_link': 'https://ecosys.gov.vn/Resources08/1102022318/2023/07/06/20230706141004_6--tokhaihq7x-qdtq-305638135150.xls'}]","['ACE BONGSAN VINA COMPANY LIMITED', 'O2-10(02 FACTORY), ROAD 1B, KIZUNA 3 EXT, AREA K1, TAN KIM IP EXT', 'Can Giuoc Town, Can Giuoc District, Long An Province, Vietnam']","['CHAI HONG CO.,LTD', '174, JAEJAEGI-RO, HWADO-EUP, NAMYANGJU-SI,', 'GYEONGGI-DO, (ZIP12200) KOREA']",By Sea,05/07/2023,WAN HAI 365 N002,HO CHI MINH,INCHEON (KRINC) - Korea (Republic),https://ecosys.gov.vn/Resources08/1102022318/2023/07/06/20230706141025_7--unihcm2307003.pdf,"[['Item number', 'Id', 'Marks and numbers on packages', 'Numbers and type of package decription of goods (including quantity where appropriate and HS number of the importing country)', 'Origin criterion (see Overleaf Notes)', 'Gross weight or other quantity and value (FOB) where RVC is applied', 'Number and date of invoices'], ['1', '23141503', 'no Mark', '840 CARTON Slippers P/R 640419', 'CTC', '6,636.00 KILOGRAM 88,200.00 PAIR 67,914.00 USD', 'BO-CH03072023 03/07/2023']]","67,914.00 USD","88,200.00 PAIR","6,636.00 KILOGRAM",False,"['https://ecosys.gov.vn/Resources08/1102022318/2023/07/06/20230706141135_1--bang-ke.pdf', 'https://ecosys.gov.vn/Resources08/1102022318/2023/07/06/20230706141238_2--qtsx.pdf', 'https://ecosys.gov.vn/Resources08/1102022318/2023/07/06/20230706141900_3--tk---invoice-1.pdf', 'https://ecosys.gov.vn/Resources08/1102022318/2023/07/06/20230706141958_3--tk---invoice-2.pdf', 'https://ecosys.gov.vn/Resources08/1102022318/2023/07/06/20230706142110_8--danh-sach-ma-vach.pdf']","['https://ecosys.gov.vn/Resources08/1102022318/2023/07/06/20230706142122_4--invoice.pdf', 'https://ecosys.gov.vn/Resources08/1102022318/2023/07/06/20230706142215_5--packing-list.pdf']",Long An,"[{'label': 'Issued Retroactively', 'checked': False}, {'label': 'Non-Party Invoicing', 'checked': False}]"
10742547,"C/O đã duyệt điện tử
",1102022318,Phòng Quản lý XNK khu vực Tp. Hồ Chí Minh,Form VK,South Korea,VN-KR 23/02/014101,22/06/2023,29/06/2023,"[{'item_num': 1, 'invoice_number': '305606382230', 'invoice_date': '19/06/2023', 'invoice_link': 'https://ecosys.gov.vn/Resources08/1102022318/2023/06/22/20230622095253_6--tokhaihq7x-qdtq-305606382230.xls'}]","['ACE BONGSAN VINA COMPANY LIMITED', 'O2-10(02 FACTORY), ROAD 1B, KIZUNA 3 EXT, AREA K1, TAN KIM IP EXT', 'Can Giuoc Town, Can Giuoc District, Long An Province, Vietnam']","['CHAI HONG CO.,LTD', '174, JAEJAEGI-RO, HWADO-EUP, NAMYANGJU-SI,', 'Gyeonggi-do, (Zip12200) KOREA']",By Sea,21/06/2023,WAN HAI 262 N408,HO CHI MINH,INCHEON (KRINC) - Korea (Republic),https://ecosys.gov.vn/Resources08/1102022318/2023/06/22/20230622095301_7--unihcm2306029.pdf,"[['Item number', 'Id', 'Marks and numbers on packages', 'Numbers and type of package decription of goods (including quantity where appropriate and HS number of the importing country)', 'Origin criterion (see Overleaf Notes)', 'Gross weight or other quantity and value (FOB) where RVC is applied', 'Number and date of invoices'], ['1', '22964843', 'No Mark', '840 CARTON SLIPPERS P/R 64041990', 'CTC', '6,636.00 KILOGRAM 88,200.00 PAIR 67,914.00 USD', 'BO-CH17062023 17/06/2023']]","67,914.00 USD","88,200.00 PAIR","6,636.00 KILOGRAM",True,"['https://ecosys.gov.vn/Resources08/1102022318/2023/06/22/20230622095308_1--bang-ke.pdf', 'https://ecosys.gov.vn/Resources08/1102022318/2023/06/22/20230622095424_2--qtsx.pdf', 'https://ecosys.gov.vn/Resources08/1102022318/2023/06/22/20230622095459_3--tk---invoice-1.pdf', 'https://ecosys.gov.vn/Resources08/1102022318/2023/06/22/20230622095600_3--tk---invoice-2.pdf', 'https://ecosys.gov.vn/Resources08/1102022318/2023/06/22/20230622095652_8--danh-sach-ma-vach.pdf']","['https://ecosys.gov.vn/Resources08/1102022318/2023/06/22/20230622095658_4--invoice.pdf', 'https://ecosys.gov.vn/Resources08/1102022318/2023/06/22/20230622095946_5--packing-list.pdf']",Long An,"[{'label': 'Issued Retroactively', 'checked': False}, {'label': 'Non-Party Invoicing', 'checked': False}]"
10674746,"C/O đã duyệt điện tử
",1102022318,Phòng Quản lý XNK khu vực Tp. Hồ Chí Minh,Form VK,South Korea,VN-KR 23/02/012802,07/06/2023,21/06/2023,"[{'item_num': 1, 'invoice_number': '305576822520', 'invoice_date': '05/06/2023', 'invoice_link': 'https://ecosys.gov.vn/Resources08/1102022318/2023/06/07/20230607102054_6--tokhaihq7x-qdtq-305576822520.xls'}]","['ACE BONGSAN VINA COMPANY LIMITED', 'O2-10(02 FACTORY), ROAD 1B, KIZUNA 3 EXT, AREA K1, TAN KIM IP EXT', 'Can Giuoc Town, Can Giuoc District, Long An Province, Vietnam']","['CHAI HONG CO.,LTD', '174, Jaejaegi-ro, Hwado-eup, Namyangju-si,', 'Gyeonggi-do, (Zip12200) KOREA']",By Sea,07/06/2023,WAN HAI 305 N267,HO CHI MINH,INCHEON (KRINC) - Korea (Republic),https://ecosys.gov.vn/Resources08/1102022318/2023/06/07/20230607102105_7--unihcm2306005.pdf,"[['Item number', 'Id', 'Marks and numbers on packages', 'Numbers and type of package decription of goods (including quantity where appropriate and HS number of the importing country)', 'Origin criterion (see Overleaf Notes)', 'Gross weight or other quantity and value (FOB) where RVC is applied', 'Number and date of invoices'], ['1', '22772788', 'No Mark', '8,402 CARTON SLIPPERS P/R 64041990', 'CTC', '6,636.00 KILOGRAM 88,200.00 PAIR 67,914.00 USD', 'BO-CH05062023 05/06/2023']]","67,914.00 USD","88,200.00 PAIR","6,636.00 KILOGRAM",False,"['https://ecosys.gov.vn/Resources08/1102022318/2023/06/07/20230607102114_1--bang-ke.pdf', 'https://ecosys.gov.vn/Resources08/1102022318/2023/06/07/20230607102250_2--qtsx-ky.pdf', 'https://ecosys.gov.vn/Resources08/1102022318/2023/06/07/20230607102301_3--vat-invoice-1.pdf', 'https://ecosys.gov.vn/Resources08/1102022318/2023/06/07/20230607102509_3--vat-invoice-2.pdf', 'https://ecosys.gov.vn/Resources08/1102022318/2023/06/07/20230607102518_8--danh-sach-ma-vach.pdf']","['https://ecosys.gov.vn/Resources08/1102022318/2023/06/07/20230607102524_4--invoice.pdf', 'https://ecosys.gov.vn/Resources08/1102022318/2023/06/07/20230607103005_5--packing--list.pdf']",Long An,"[{'label': 'Issued Retroactively', 'checked': False}, {'label': 'Non-Party Invoicing', 'checked': False}]"
10615868,"C/O đã duyệt điện tử
",1102022318,Phòng Quản lý XNK khu vực Tp. Hồ Chí Minh,Form VK,South Korea,VN-KR 23/02/011711,25/05/2023,01/06/2023,"[{'item_num': 1, 'invoice_number': '305540309120', 'invoice_date': '19/05/2023', 'invoice_link': 'https://ecosys.gov.vn/Resources08/1102022318/2023/05/25/20230525110026_6--tokhaihq7x-qdtq-305540309120.xls'}]","['ACE BONGSAN VINA COMPANY LIMITED', 'O2-10(02 FACTORY), ROAD 1B, KIZUNA 3 EXT, AREA K1, TAN KIM IP EXT', 'Can Giuoc Town, Can Giuoc District, Long An Province, Vietnam']","['CHAI HONG CO.,LTD', '174, Jaejaegi-ro, Hwado-eup, Namyangju-si,', 'Gyeonggi-do, (Zip12200) KOREA']",By Sea,24/05/2023,WAN HAI 262 N407,HO CHI MINH,INCHEON (KRINC) - Korea (Republic),https://ecosys.gov.vn/Resources08/1102022318/2023/05/25/20230525110054_7--unihcm2305024.pdf,"[['Item number', 'Id', 'Marks and numbers on packages', 'Numbers and type of package decription of goods (including quantity where appropriate and HS number of the importing country)', 'Origin criterion (see Overleaf Notes)', 'Gross weight or other quantity and value (FOB) where RVC is applied', 'Number and date of invoices'], ['1', '22606142', 'No mark', '840 CARTON SLIPPERS P/R 64041990', 'CTC', '6,636.00 KILOGRAM 88,200.00 PAIR 67,914.00 USD', 'BO-CH19052023 19/05/2023']]","67,914.00 USD","88,200.00 PAIR","6,636.00 KILOGRAM",False,"['https://ecosys.gov.vn/Resources08/1102022318/2023/05/25/20230525110200_2--qtsx-.pdf', 'https://ecosys.gov.vn/Resources08/1102022318/2023/05/25/20230525110213_3--tk---vat-invoice-1.pdf', 'https://ecosys.gov.vn/Resources08/1102022318/2023/05/25/20230525110244_3--tk---vat-invoice-2.pdf', 'https://ecosys.gov.vn/Resources08/1102022318/2023/05/25/20230525110300_8--danh-sach-ma-vach.pdf', 'https://ecosys.gov.vn/Resources08/1102022318/2023/05/25/20230525110907_105379325331.pdf', 'https://ecosys.gov.vn/Resources08/1102022318/2023/05/30/20230530112248_1--bang-ke-revise.pdf']","['https://ecosys.gov.vn/Resources08/1102022318/2023/05/25/20230525110119_4--invoice.pdf', 'https://ecosys.gov.vn/Resources08/1102022318/2023/05/25/20230525110135_5--packing-list.pdf']",Long An,"[{'label': 'Issued Retroactively', 'checked': False}, {'label': 'Non-Party Invoicing', 'checked': False}]"
10521745,"C/O đã duyệt điện tử
",1102022318,Phòng Quản lý XNK khu vực Tp. Hồ Chí Minh,Form VK,South Korea,VN-KR 23/02/010011,05/05/2023,08/05/2023,"[{'item_num': 1, 'invoice_number': '305499205010', 'invoice_date': '28/04/2023', 'invoice_link': 'https://ecosys.gov.vn/Resources08/1102022318/2023/05/05/20230505141955_6-tokhaihq7x-qdtq-305499205010.xls'}]","['ACE BONGSAN VINA COMPANY LIMITED', 'O2-10(02 FACTORY), ROAD 1B, KIZUNA 3 EXT, AREA K1, TAN KIM IP EXT', 'Can Giuoc Town, Can Giuoc District, Long An Province, Vietnam']","['CHAI HONG CO.,LTD', '174, Jaejaegi-ro, Hwado-eup, Namyangju-si,', 'Gyeonggi-do, (Zip12200) KOREA']",By Sea,03/05/2023,BIG BREEZY N014,HO CHI MINH,INCHEON (KRINC) - Korea (Republic),https://ecosys.gov.vn/Resources08/1102022318/2023/05/05/20230505141934_7--unihcm2304045.pdf,"[['Item number', 'Id', 'Marks and numbers on packages', 'Numbers and type of package decription of goods (including quantity where appropriate and HS number of the importing country)', 'Origin criterion (see Overleaf Notes)', 'Gross weight or other quantity and value (FOB) where RVC is applied', 'Number and date of invoices'], ['1', '22345100', 'No mark', '840 CARTON SLIPPERS P/R 64041990', 'CTC', '6,636.00 KILOGRAM 88,200.00 PAIR 67,914.00 USD', 'BO-CH28042023 28/04/2023']]","67,914.00 USD","88,200.00 PAIR","6,636.00 KILOGRAM",False,"['https://ecosys.gov.vn/Resources08/1102022318/2023/05/05/20230505141943_1--bang-ke.pdf', 'https://ecosys.gov.vn/Resources08/1102022318/2023/05/05/20230505142226_2--qtsx.pdf', 'https://ecosys.gov.vn/Resources08/1102022318/2023/05/05/20230505142204_3--vat-invoice-1.pdf', 'https://ecosys.gov.vn/Resources08/1102022318/2023/05/05/20230505142258_3--vat-invoice-2.pdf', 'https://ecosys.gov.vn/Resources08/1102022318/2023/05/05/20230505142403_8--ds-ma-vachpdf.pdf']","['https://ecosys.gov.vn/Resources08/1102022318/2023/05/05/20230505142409_4--invoice.pdf', 'https://ecosys.gov.vn/Resources08/1102022318/2023/05/05/20230505142732_5--packing-list.pdf']",Long An,"[{'label': 'Issued Retroactively', 'checked': False}, {'label': 'Non-Party Invoicing', 'checked': False}]"
10437640,"C/O đã duyệt điện tử
",1102022318,Phòng Quản lý XNK khu vực Tp. Hồ Chí Minh,Form VK,South Korea,VN-KR 23/02/008210,15/04/2023,28/04/2023,"[{'item_num': 1, 'invoice_number': '305454418900', 'invoice_date': '11/04/2023', 'invoice_link': 'https://ecosys.gov.vn/Resources08/1102022318/2023/04/15/20230415102055_6--tokhaihq7x-qdtq-305454418900.xls'}]","['ACE BONGSAN VINA COMPANY LIMITED', 'O2-10(02 FACTORY), ROAD 1B, KIZUNA 3 EXT, AREA K1, TAN KIM IP EXT', 'Can Giuoc Town, Can Giuoc District, Long An Province, Vietnam']","['CHAI HONG CO.,LTD', '174, Jaejaegi-ro, Hwado-eup, Namyangju-si,', 'Gyeonggi-do, (Zip12200) KOREA']",By Sea,14/04/2023,WAN HAI 301 N288,CANG CAT LAI (HCM),INCHEON (KRINC) - Korea (Republic),https://ecosys.gov.vn/Resources08/1102022318/2023/04/15/20230415102031_7--bill-unihcm2304015.pdf,"[['Item number', 'Id', 'Marks and numbers on packages', 'Numbers and type of package decription of goods (including quantity where appropriate and HS number of the importing country)', 'Origin criterion (see Overleaf Notes)', 'Gross weight or other quantity and value (FOB) where RVC is applied', 'Number and date of invoices'], ['1', '22107155', 'NO mark', '840 CARTON SLIPPERS P/R 64041990', 'CTC', '6,636.00 KILOGRAM 88,200.00 PAIR 67,914.00 USD', 'BO-CH11042023 11/04/2023']]","67,914.00 USD","88,200.00 PAIR","6,636.00 KILOGRAM",False,"['https://ecosys.gov.vn/Resources08/1102022318/2023/04/15/20230415103521_8--ds-ma-vach.pdf', 'https://ecosys.gov.vn/Resources08/1102022318/2023/04/15/20230415102051_1--bang-ke-bo-ch11042023.pdf', 'https://ecosys.gov.vn/Resources08/1102022318/2023/04/15/20230415103622_2--qtsx.pdf', 'https://ecosys.gov.vn/Resources08/1102022318/2023/04/15/20230415102956_3--tk-hoa-don-vat-1.pdf', 'https://ecosys.gov.vn/Resources08/1102022318/2023/04/15/20230415103200_3--tk-hoa-don-vat-2.pdf', 'https://ecosys.gov.vn/Resources08/1102022318/2023/04/15/20230415103315_3--tk-hoa-don-vat-3.pdf']","['https://ecosys.gov.vn/Resources08/1102022318/2023/04/15/20230415103425_4--ci.pdf', 'https://ecosys.gov.vn/Resources08/1102022318/2023/04/15/20230415103600_5--pkl.pdf']",Long An,"[{'label': 'Issued Retroactively', 'checked': False}, {'label': 'Non-Party Invoicing', 'checked': False}]"
10372623,"C/O đã duyệt điện tử
",1102022318,Phòng Quản lý XNK khu vực Tp. Hồ Chí Minh,Form VK,South Korea,VN-KR 23/02/007002,31/03/2023,31/03/2023,"[{'item_num': 1, 'invoice_number': '305420154230', 'invoice_date': '27/03/2023', 'invoice_link': 'https://ecosys.gov.vn/Resources08/1102022318/2023/03/31/20230331114505_5--tokhaihq7x-qdtq-305420154230.pdf'}]","['ACE BONGSAN VINA COMPANY LIMITED', 'O2-10(02 FACTORY), Road 1B, Kizuna3 Ext, Area K1, Tan Kim IP Ext', 'Can Giuoc Town, Can Giuoc District, Long An Province, Vietnam']","['CHAI HONG CO.,LTD', '174, JAEJAEGI-RO, HWADO-EUP, NAMYANGJU-SI, GYEONGGI-DO,', '(ZIP12200) KOREA']",By Sea,29/03/2023,WAN HAI 301 N288,CANG CAT LAI (HCM),INCHEON (KRINC) - Korea (Republic),https://ecosys.gov.vn/Resources08/1102022318/2023/03/31/20230331114517_6--unihcm2303028.pdf,"[['Item number', 'Id', 'Marks and numbers on packages', 'Numbers and type of package decription of goods (including quantity where appropriate and HS number of the importing country)', 'Origin criterion (see Overleaf Notes)', 'Gross weight or other quantity and value (FOB) where RVC is applied', 'Number and date of invoices'], ['1', '21917634', 'NO MARK', '840 CARTON SLIPPERS P/R 64041990', 'CTC', '6,636.00 KILOGRAM 88,200.00 PAIR 67,914.00 USD', 'BO-CH27032023 27/03/2023']]","67,914.00 USD","88,200.00 PAIR","6,636.00 KILOGRAM",False,"['https://ecosys.gov.vn/Resources08/1102022318/2023/03/31/20230331114544_4--packing-list.pdf', 'https://ecosys.gov.vn/Resources08/1102022318/2023/03/31/20230331114810_7--tkn-vat-compressed.pdf', 'https://ecosys.gov.vn/Resources08/1102022318/2023/03/31/20230331114815_8--co-nhap-compressed.pdf', 'https://ecosys.gov.vn/Resources08/1102022318/2023/03/31/20230331114824_9--dshangroi-mavach-8.pdf', 'https://ecosys.gov.vn/Resources08/1102022318/2023/03/31/20230331114531_1--bang-ke-co.pdf', 'https://ecosys.gov.vn/Resources08/1102022318/2023/03/31/20230331114536_2--qtsx.pdf']",['https://ecosys.gov.vn/Resources08/1102022318/2023/03/31/20230331115222_3--invoice-bo-ch27032023.pdf'],Long An,"[{'label': 'Issued Retroactively', 'checked': False}, {'label': 'Non-Party Invoicing', 'checked': False}]"
10322437,"C/O đã duyệt điện tử
",1102022318,Phòng Quản lý XNK khu vực Tp. Hồ Chí Minh,Form VK,South Korea,VN-KR 23/02/005974,20/03/2023,27/03/2023,"[{'item_num': 1, 'invoice_number': '305379110910', 'invoice_date': '07/03/2023', 'invoice_link': 'https://ecosys.gov.vn/Resources07/1102022318/2023/03/20/20230320143447_4--tokhaihq7x-qdtq-305379110910.pdf'}]","['ACE BONGSAN VINA COMPANY LIMITED', 'O2-10(02 FACTORY), Road 1B, Kizuna3 Ext, Area K1, Tan Kim IP Ext', 'Can Giuoc Town, Can Giuoc District, Long An Province, Vietnam']","['CHAI HONG CO.,LTD', '174, JAEJAEGI-RO, HWADO-EUP, NAMYANGJU-SI, GYEONGGI-DO,', '(ZIP12200) KOREA']",By Sea,08/03/2023,WAN HAI 177 N010,CANG CAT LAI (HCM),INCHEON (KRINC) - Korea (Republic),https://ecosys.gov.vn/Resources07/1102022318/2023/03/20/20230320143520_5--unihcm2303008-sur.pdf,"[['Item number', 'Id', 'Marks and numbers on packages', 'Numbers and type of package decription of goods (including quantity where appropriate and HS number of the importing country)', 'Origin criterion (see Overleaf Notes)', 'Gross weight or other quantity and value (FOB) where RVC is applied', 'Number and date of invoices'], ['1', '21771945', 'NO MARK', '730 CARTON SLIPPERS P/R 64041990', 'CTC', '5,767.00 KILOGRAM 76,650.00 PAIR 59,020.50 USD', 'BO-CH07032023 07/03/2023']]","59,020.50 USD","76,650.00 PAIR","5,767.00 KILOGRAM",False,"['https://ecosys.gov.vn/Resources07/1102022318/2023/03/20/20230320143541_1--bang-ke-co.pdf', 'https://ecosys.gov.vn/Resources07/1102022318/2023/03/20/20230320144026_2--qtsx.pdf', 'https://ecosys.gov.vn/Resources07/1102022318/2023/03/20/20230320144000_3--pkl-bo-ch07032023.pdf', 'https://ecosys.gov.vnQu&#225;%20dung%20l%c6%b0%e1%bb%a3ng%20file%20cho%20ph&#233;p', 'https://ecosys.gov.vn/Resources07/1102022318/2023/03/20/20230320144704_ma-vach-.pdf', 'https://ecosys.gov.vn/Resources07/1102022318/2023/03/20/20230320144156_7--co-nylex-fabric-----2023-01-05--001-4.pdf', 'https://ecosys.gov.vn/Resources07/1102022318/2023/03/20/20230320144248_7--co-wrapping-paper-----2023-01-17--001-4.pdf']",['https://ecosys.gov.vn/Resources07/1102022318/2023/03/20/20230320144305_3--ci-bo-ch07032023.pdf'],Long An,"[{'label': 'Issued Retroactively', 'checked': False}, {'label': 'Non-Party Invoicing', 'checked': False}]"
